episode_number,episode_date,episode_title
1172,2018-09-12,Morgan Fallon
1171,2018-09-11,Nick Yarris
1170,2018-09-10,Tulsi Gabbard
1169,2018-09-07,Elon Musk
1168,2018-09-05,Mareko Maumasi
1167,2018-09-05,Larry Sharpe
1166,2018-09-04,Diamond Dallas Page
1165,2018-08-31,Tom Papa
1164,2018-08-30,Mikhaila Peterson
1163,2018-08-28,Banachek
1162,2018-08-27,Valentine Thomas
1161,2018-08-23,Jerrod Carmichael & Jamar Neighbors
1160,2018-08-23,Bert Kreischer
1159,2018-08-22,Neil deGrasse Tyson
1158,2018-08-22,Chuck Palahniuk
1157,2018-08-21,Shooter Jennings
1156,2018-08-09,Jimmy Dore
1155,2018-08-09,Henry Rollins
1154,2018-08-08,Doug Duren & Bryan Richards
1153,2018-08-07,Macaulay Culkin
1152,2018-08-02,John Joseph
1151,2018-08-01,Sean Carroll
1150,2018-07-31,Felipe Esparza
1149,2018-07-30,Michael Scott Moore
1148,2018-07-27,Andrew Santino
1147,2018-07-26,Dr. Debra Soh
1146,2018-07-25,Jeff Garlin
1145,2018-07-17,Peter Schiff
1144,2018-07-16,Doug Stanhope
1143,2018-07-11,Candice Thompson
1142,2018-07-10,Tony Rock
1141,2018-07-05,Theo Von
1140,2018-07-04,Joey Diaz
1139,2018-07-02,Jordan Peterson
1138,2018-06-28,Ted Nugent
1137,2018-06-27,Duncan Trussell
1136,2018-06-26,Hamilton Morris
1135,2018-06-25,Ari Shaffir
1134,2018-06-22,Kyle Dunnigan
1133,2018-06-21,Dennis McKenna
1132,2018-06-18,Kyle Kingsbury
1131,2018-06-13,Dave Rubin
1130,2018-06-12,Adam Frank
1129,2018-06-11,Tom Papa
1128,2018-06-06,Ryan Sickler
1127,2018-06-05,Jesse Itzler
1126,2018-06-04,Erik Griffin
1125,2018-05-31,Candace Owens
1124,2018-05-31,Robert Schoch
1123,2018-05-30,Kevin Smith
1122,2018-05-29,Donnie Vincent
1121,2018-05-24,Michael Pollan
1120,2018-05-22,Ben Greenfield
1119,2018-05-21,Howard Bloom
1118,2018-05-18,Theo Von
1117,2018-05-17,Tim Kennedy
1116,2018-05-16,Steven Tyler
1115,2018-05-09,Mike Baker
1114,2018-05-09,Matt Taibbi
1113,2018-05-08,Brian Redban
1112,2018-05-05,Cameron Hanes
1111,2018-04-26,Abby Martin
1110,2018-04-26,Zach Bitter
1109,2018-04-25,Matthew Walker
1108,2018-04-24,Peter Attia
1107,2018-04-18,Sam Harris & Maajid Nawaz
1106,2018-04-18,Colion Noir
1105,2018-04-17,Michael Hunter
1104,2018-04-16,Boyan Slat
1103,2018-04-13,Tom Segura
1102,2018-04-11,Matt Farah
1101,2018-04-09,Chris & Mark Bell
1100,2018-04-04,Liz Phair
1099,2018-04-03,Christopher Ryan
1098,2018-04-02,Eddie Bravo
1097,2018-03-28,Legion of Skanks
1096,2018-03-27,Todd Glass
1095,2018-03-26,T.J. English & Joey Diaz
1094,2018-03-20,Brian Redban
1093,2018-03-19,Owen Benjamin & Kurt Metzger
1092,2018-03-14,Mary Lynn Rajskub
1091,2018-03-14,Daniele Bolelli
1090,2018-03-13,Andrew Santino
1089,2018-03-07,John Dudley
1088,2018-03-06,Bryan Callen
1087,2018-03-05,Sturgill Simpson
1086,2018-02-28,Rory Albanese
1085,2018-02-27,Kyle Kulinski
1084,2018-02-26,Douglas Murray
1083,2018-02-22,Dom Irrera
1082,2018-02-21,Greg Fitzsimmons
1081,2018-02-20,Bret Weinstein & Heather Heying
1080,2018-02-19,David Goggins
1079,2018-02-15,Tony Hinchcliffe
1078,2018-02-13,Jimmy Dore
1077,2018-02-12,Johann Hari
1076,2018-02-09,Phil Demers
1075,2018-02-08,Duncan Trussell
1074,2018-02-06,Cameron Hanes
1073,2018-02-04,Steven Pinker
1072,2018-02-01,Joey Diaz
1071,2018-01-30,Steven Crowder & NotGay Jared
1070,2018-01-30,Jordan Peterson
1069,2018-01-29,Ben Greenfield
1068,2018-01-24,Michael Shermer
1067,2018-01-23,Whitney Cummings
1066,2018-01-17,Mel Gibson & Dr. Neil Riordan
1065,2018-01-16,Danica Patrick
1064,2018-01-15,Eddie Huang & Jessica Rosenworcel
1063,2018-01-11,Tom Segura
1062,2018-01-10,Dan Harris & Jeff Warren
1061,2018-01-09,Tom Papa
1060,2018-01-04,Remi Warren
1059,2018-01-02,Brian Redban
1058,2017-12-28,Nina Teicholz
1057,2017-12-28,Eddie Pepitone
1056,2017-12-27,Dr. Mark Gordon & Andrew Marr
1055,2017-12-19,Bret Weinstein
1054,2017-12-18,Dr. Rhonda Patrick
1053,2017-12-14,Neal Brennan
1052,2017-12-12,Mick West
1051,2017-12-11,Duncan Trussell & Christopher Ryan
1050,2017-12-07,Dr. Shawn Baker
1049,2017-12-06,Chris Stapleton
1048,2017-12-05,Doug Stanhope
1047,2017-12-04,Andy Stumpf
1046,2017-11-29,Owen Smith
1045,2017-11-28,Bryan Callen
1044,2017-11-28,C.T. Fletcher
1043,2017-11-27,Brian Redban
1042,2017-11-20,Krystyna Hutchinson & Corinne Fisher
1041,2017-11-16,Dan Carlin
1040,2017-11-15,Brian Regan
1039,2017-11-14,Iliza Shlesinger
1038,2017-11-10,Billy Corgan
1037,2017-11-08,Chris Kresser
1036,2017-11-07,"Ari Shaffir, Bert Kreischer & Tom Segura"
1035,2017-11-07,Paul Stamets
1034,2017-11-06,Sebastian Junger
1033,2017-11-01,Owen Benjamin
1032,2017-10-31,Colin Moriarty
1031,2017-10-30,Jamie Kilstein
1030,2017-10-27,"Joey ""CoCo"" Diaz"
1029,2017-10-26,Tom DeLonge
1028,2017-10-25,Adam Greentree
1027,2017-10-24,Courtney Dauwalter
1026,2017-10-23,Brian Redban
1025,2017-10-18,Greg Fitzsimmons
1024,2017-10-12,Bert Kreischer
1023,2017-10-11,Christina P
1022,2017-10-10,Eric Weinstein
1021,2017-10-05,Russell Brand
1020,2017-10-05,Amy Alkon
1019,2017-10-04,Bryan Fogel
1018,2017-10-03,Alonzo Bodden
1017,2017-09-28,Jim Norton
1016,2017-09-27,Whitney Cummings
1015,2017-09-26,Reggie Watts
1014,2017-09-25,Dave Smith
1013,2017-09-22,Cameron Hanes
1012,2017-09-15,Brendan Schaub
1011,2017-09-14,Tom Papa
1010,2017-09-07,Brian Redban
1009,2017-09-06,James Damore
1008,2017-09-05,Cody Garbrandt & Urijah Faber
1007,2017-09-04,"Ari Shaffir, Bert Kreischer & Tom Segura"
1006,2017-09-01,Jordan Peterson & Bret Weinstein
1005,2017-08-30,Hannibal Buress
1004,2017-08-29,W. Kamau Bell
1003,2017-08-24,Sean Carroll
1002,2017-08-23,Peter Schiff
1001,2017-08-21,Mike Baker
1e3,2017-08-18,Joey Diaz & Tom Segura
999,2017-08-16,Tom Bilyeu
998,2017-08-15,Owen Benjamin
997,2017-08-10,Pauly Shore
996,2017-08-09,Dr. Andy Galpin
995,2017-08-08,Jon Ronson
994,2017-08-07,Dom D'Agostino
993,2017-08-02,Ben Shapiro
992,2017-08-01,Ian Edwards
991,2017-07-31,Eddie Bravo
990,2017-07-27,Jamie Foxx
989,2017-07-26,Dorian Yates
988,2017-07-25,Nick Swardson
987,2017-07-13,Ben O'Brien
986,2017-07-12,Maynard James Keenan
985,2017-07-11,Gad Saad
984,2017-07-06,Yvette d'Entremont
983,2017-07-05,Natasha Leggero & Moshe Kasher
982,2017-07-03,Honey Honey
981,2017-06-28,Josh Barnett
980,2017-06-27,Chris D'Elia
979,2017-06-26,Sargon of Akkad
978,2017-06-22,Judd Apatow
977,2017-06-21,Jeff Evans & Bud Brutsman
976,2017-06-19,Morgan Murphy
975,2017-06-09,Sebastian Junger
974,2017-06-08,Megan Phelps-Roper
973,2017-06-08,"Wheeler Walker, Jr."
972,2017-06-07,Ari Shaffir
971,2017-06-06,Steven Rinella
970,2017-06-02,Bret Weinstein
969,2017-06-01,Andrew Santino
968,2017-05-31,Kelly Brogan
967,2017-05-30,Bill Burr
966,2017-05-26,Tom Papa
965,2017-05-25,Robert Sapolsky
964,2017-05-24,Everlast
963,2017-05-23,Michael Malice
962,2017-05-18,Jocko Willink
961,2017-05-16,"Graham Hancock, Randall Carlson & Michael Shermer"
960,2017-05-15,Steve-O
959,2017-05-10,Mick West
958,2017-05-09,Jordan Peterson
957,2017-05-09,Cameron Hanes
956,2017-05-05,Guy Ritchie
955,2017-05-04,Al Madrigal
954,2017-05-03,Justin Brown
953,2017-05-02,Shirley Manson
952,2017-04-27,Thaddeus Russell
951,2017-04-26,Dan Doty
950,2017-04-25,Abby Martin
949,2017-04-19,Josh Zepps
948,2017-04-18,Brendan Schaub & Eddie Bravo
947,2017-04-18,Ron Miscavige
946,2017-04-17,Dennis McKenna
945,2017-04-12,Dr. Roddy McGee
944,2017-04-11,Scott Eastwood & Cameron Hanes
943,2017-04-10,Moshe Kasher
942,2017-04-05,Dan Flores
941,2017-04-04,Greg Fitzsimmons
940,2017-04-04,Sam Harris & Dan Harris
939,2017-04-03,Chris Cage
938,2017-03-27,Lawrence Krauss
937,2017-03-24,Justin Wren
936,2017-03-24,Colin Moriarty
935,2017-03-23,Robb Wolf
934,2017-03-22,John Dudley
933,2017-03-16,Julie Kedzie
932,2017-03-15,TJ Kirk
931,2017-03-14,Jim Norton
930,2017-03-13,Will MacAskill
929,2017-03-10,Dan Pena
928,2017-03-08,Arian Foster
927,2017-03-07,Tom Papa
926,2017-03-06,Joey Diaz & Alberto Gallazzi
925,2017-02-28,Theo Von
924,2017-02-28,Rory Albanese
923,2017-02-27,Whitney Cummings
922,2017-02-24,Philip DeFranco
921,2017-02-23,Dominick Cruz
920,2017-02-22,Gavin McInnes
919,2017-02-21,Neil deGrasse Tyson
918,2017-02-17,Frank Castillo
917,2017-02-15,Steven Crowder
916,2017-02-14,Fight Recap
915,2017-02-13,Nick DiPaolo
914,2017-02-08,Ryan Callaghan & Kenton Carruth
913,2017-02-07,Christopher Ryan
912,2017-02-06,Pete Holmes
911,2017-02-01,Alex Jones & Eddie Bravo
910,2017-01-31,Gary Vaynerchuk
909,2017-01-31,Bill Burr
908,2017-01-30,Leah Remini
907,2017-01-27,Mike Baker
906,2017-01-26,Henry Rollins
905,2017-01-25,Shane Smith
904,2017-01-24,Gary Taubes
903,2017-01-24,Tony Hinchcliffe & Brian Redban
902,2017-01-20,Live Underground from The Comedy Store
901,2017-01-19,Dr. Rhonda Patrick
900,2017-01-18,Joseph Valtellini
899,2017-01-12,Bryan Callen
898,2017-01-11,Bas Rutten & Mauro Ranallo
897,2017-01-10,Hunter Maats
896,2017-01-10,CES Review with Young Jamie
895,2017-01-03,#WhoIsFat - Day 2
894,2017-01-02,#WhoIsFat - Day 1
893,2017-01-01,Fight Recap
892,2016-12-28,Greg Fitzsimmons
891,2016-12-27,Zach Leary
890,2016-12-26,Fight Breakdown
889,2016-12-23,Brian Redban
888,2016-12-22,Ron White
887,2016-12-16,James Hetfield
886,2016-12-15,Hank Shaw
885,2016-12-13,Tom Segura
884,2016-12-07,"Joey ""CoCo"" Diaz"
883,2016-12-06,Kevin Smith
882,2016-12-05,Tom Papa
881,2016-12-02,Lee Camp
880,2016-12-01,Jon Jones
879,2016-11-30,Steven Rinella
878,2016-11-29,Aubrey Marcus
877,2016-11-28,Jordan Peterson
876,2016-11-21,Chris Bell
875,2016-11-21,Shannon Briggs
874,2016-11-17,Scott Adams
873,2016-11-16,Steven Kotler
872,2016-11-15,Graham Hancock & Randall Carlson
871,2016-11-14,Brendan Schaub
870,2016-11-09,Bert Kreischer
869,2016-11-07,Dave Rubin
868,2016-11-04,John Dudley
867,2016-10-31,Joey Diaz
866,2016-10-25,Christine Hassler
865,2016-10-24,Wim Hof
864,2016-10-24,Kevin Ross & Gaston Bolanos
863,2016-10-20,Duncan Trussell
862,2016-10-19,Trevor Valle
861,2016-10-18,Bryan Callen
860,2016-10-14,Russell Peters
859,2016-10-13,Brian Redban
858,2016-10-13,Jesse Ventura
857,2016-10-12,Dan Bilzerian
856,2016-10-05,Tony Hinchcliffe & Young Jamie
855,2016-10-03,Tom Segura & Christina Pazsitzky
854,2016-09-30,Louie Simmons
853,2016-09-28,Adam Greentree
852,2016-09-27,John Anthony West
851,2016-09-26,Shane Mauss
850,2016-09-22,George Perez
849,2016-09-20,James Kingston
848,2016-09-20,Bryan Callen
847,2016-09-15,Dan Carlin
846,2016-09-14,Michael Shermer
845,2016-09-12,"TJ Dillashaw, Duane Ludwig & Bas Rutten"
844,2016-09-07,Andreas Antonopoulos
843,2016-09-06,Tony Hinchcliffe
842,2016-09-05,Chris Kresser
841,2016-08-31,Greg Fitzsimmons
840,2016-08-30,Donald Cerrone
839,2016-08-29,Tom Papa
838,2016-08-23,Josh Zepps
837,2016-08-23,Gad Saad
836,2016-08-22,Hannibal Buress
835,2016-08-22,Louis Theroux
834,2016-08-18,Dan Doty
833,2016-08-11,Brian Redban
832,2016-08-10,Vinny Shoreman
831,2016-08-09,Byron Bowers
830,2016-08-03,Neal Brennan
829,2016-08-02,Wayne Federman
828,2016-08-01,Duncan Trussell
827,2016-07-29,Twitter Q&A with Joe
826,2016-07-27,Justin Wren
825,2016-07-26,Jeremy Stephens
824,2016-07-21,Bryan Callen
823,2016-07-11,Eleanor Kerrigan
822,2016-07-11,Chael Sonnen
821,2016-07-07,Joey Diaz
820,2016-07-06,Milo Yiannopoulos
819,2016-07-05,Brendan Schaub
818,2016-07-04,Mike Schmidt
817,2016-06-30,Jason Hairston & Brendan Burns
816,2016-06-29,Joe Schilling
815,2016-06-28,Cameron Hanes
814,2016-06-22,Ari Shaffir
813,2016-06-22,Shane Dorian
812,2016-06-21,Russell Brand & Jim Breuer
811,2016-06-21,Jim Breuer
810,2016-06-15,Big Jay Oakerson
809,2016-06-14,Aubrey Marcus
808,2016-06-13,"Michael Wood, Jr."
807,2016-06-07,"Gino & AJ, from Speedweed"
806,2016-06-06,Dave Smith
805,2016-06-02,Steve Hofstetter
804,2016-06-01,Sam Harris
803,2016-05-31,Joey Diaz & Lee Syatt
802,2016-05-19,Tom Papa
801,2016-05-17,Gary Johnson
800,2016-05-17,Bobcat Goldthwait
799,2016-05-16,Brendan Schaub & Bryan Callen
798,2016-05-11,Alison Rosen
797,2016-05-10,Alex & Allyson Grey
796,2016-05-09,Josh Zepps
795,2016-05-06,Ian Edwards
794,2016-05-05,Miesha Tate
793,2016-05-04,Whitney Cummings
792,2016-04-30,"Lewis, from Unbox Therapy"
791,2016-04-26,Steve Schirripa
790,2016-04-25,Steve Maxwell
789,2016-04-21,Dan Auerbach
788,2016-04-21,Brendan Schaub
787,2016-04-19,Eddie Huang
786,2016-04-18,"Wheeler Walker, Jr."
785,2016-04-13,Dom Irrera
784,2016-04-13,Brian Redban
783,2016-04-12,John Dudley
782,2016-04-07,Rick Doblin
781,2016-04-05,Kevin Rose
780,2016-04-04,Sturgill Simpson
779,2016-03-29,Andrew Dice Clay & Joey Diaz
778,2016-03-28,Ari Shaffir
777,2016-03-25,Brian Redban
776,2016-03-18,Adam Cropp
775,2016-03-16,Greg Fitzsimmons
774,2016-03-15,Brendan Schaub & Bryan Callen
773,2016-03-10,Dr. Rhonda Patrick
772,2016-03-08,Mark & Chris Bell
771,2016-03-07,Eddie Bravo
770,2016-03-07,Michael Shermer
769,2016-03-03,Bert Kreischer
768,2016-03-02,"Ian McCall, Brendan Schaub & Bryan Callen"
767,2016-03-01,Mike Baker
766,2016-02-25,Gad Saad
765,2016-02-24,Tovar Cerulli
764,2016-02-23,Duncan Trussell
763,2016-02-23,Action Bronson
762,2016-02-19,Robin Black
761,2016-02-17,Bas Rutten
760,2016-02-16,Doug Duren & Nathan Ihde
759,2016-02-15,Cameron Hanes
758,2016-02-09,Tom Papa
757,2016-02-08,"Gary Clark, Jr."
756,2016-02-04,Kyle Kingsbury
755,2016-02-03,Daniele Bolelli
754,2016-02-02,Brian Redban
753,2016-01-27,Hannibal Buress
752,2016-01-26,Mark Sisson
751,2016-01-26,Doug Stanhope
750,2016-01-21,Kip Andersen & Keegan Kuhn
749,2016-01-20,Carlos Condit & Erwan Le Corre
748,2016-01-19,Jenny Johnson
747,2016-01-13,Tony Hinchcliffe
746,2016-01-12,TJ Kirk
745,2016-01-11,Ari Shaffir
744,2016-01-06,Tom Segura
743,2016-01-05,Phil Demers
742,2016-01-04,Aubrey Marcus
741,2015-12-24,"Joey ""CoCo"" Diaz"
740,2015-12-23,Thaddeus Russell
739,2015-12-22,Duncan Trussell & Christopher Ryan
738,2015-12-16,Molly Crabapple
737,2015-12-15,Lance Armstrong
736,2015-12-14,Brendan Schaub & Bryan Callen
735,2015-12-14,Peter Boghossian
734,2015-12-10,Brendan Schaub
733,2015-12-09,Judah Friedlander
732,2015-12-08,Whitney Cummings
731,2015-12-03,Bert Kreischer
730,2015-12-02,Demetrious Johnson
729,2015-12-01,Jocko Willink
728,2015-11-27,Ceara Lynch
727,2015-11-24,Bill Burr
726,2015-11-23,Josh Zepps
725,2015-11-19,Graham Hancock & Randall Carlson
724,2015-11-18,Christina Sommers
723,2015-11-16,Dana White & Tony Hinchcliffe
722,2015-11-13,Tony Hinchcliffe
721,2015-11-11,Eddie Bravo
720,2015-11-10,Tait Fletcher & Andy Stumpf
719,2015-11-04,Josh Olin
718,2015-11-03,Christopher Ryan
717,2015-11-03,Steve-O
716,2015-10-30,Daniele Bolelli
715,2015-10-29,Remi Warren
714,2015-10-28,John Wayne Parr
713,2015-10-26,Dave Rubin
712,2015-10-21,Wim Hof
711,2015-10-20,Brian Redban
710,2015-10-19,Gavin McInnes
709,2015-10-15,Steven Rinella
708,2015-10-14,Steven Crowder
707,2015-10-13,Michael Dowd
706,2015-10-09,Brendan Schaub & Fight Companion ? (Part 1)
705,2015-10-06,Tait Fletcher
704,2015-10-05,Alonzo Bodden
703,2015-10-01,Brian Redban
702,2015-09-30,Milo Yiannopoulos
701,2015-09-28,Honey Honey (Part 1)
700,2015-09-25,Dr. Mark Gordon & Andrew Marr
699,2015-09-22,Donald Cerrone
698,2015-09-21,Dr. Carl Hart
697,2015-09-17,"Christopher Ryan, PhD"
696,2015-09-17,"Lewis, from Unbox Therapy"
695,2015-09-09,Sebastian Maniscalco
694,2015-09-08,Jane McGonigal
693,2015-09-07,Tom Segura
692,2015-09-03,Jay Leno
691,2015-09-01,Bryan Callen
690,2015-08-31,Ronda Rousey & Edmond Tarverdyan
689,2015-08-25,Abby Martin
688,2015-08-25,Brian Redban
687,2015-08-24,Justin Wren
686,2015-08-19,Jeff Ross
685,2015-08-18,Jeff Novitzky
684,2015-08-17,Brian Redban
683,2015-08-13,Ethan Nadelmann
682,2015-08-12,Mark & Chris Bell
681,2015-08-11,Gad Saad
680,2015-08-07,Steven Hassan
679,2015-08-06,Barry Crimmins & Bobcat Goldthwait
678,2015-08-06,Jonathan Ward
677,2015-08-03,Josh Zepps
676,2015-07-29,Esther Ku
675,2015-07-28,Kirik Jenness & Chris Palmquist
674,2015-07-27,Brian Redban
673,2015-07-22,Nick DiPaolo & Adam Lowery
672,2015-07-21,Dr. Rhonda Patrick
671,2015-07-09,Brendan Schaub & Bryan Callen
670,2015-07-08,"Michael A. Wood, Jr."
669,2015-07-07,Joey Diaz
668,2015-07-06,Jon Ronson
667,2015-07-01,Kurt Metzger
666,2015-06-29,Duncan Trussell
665,2015-06-25,Neal Brennan
664,2015-06-23,Tom Segura & Christina Pazsitzky
663,2015-06-22,Dominic Monaghan
662,2015-06-18,Vinny Shoreman
661,2015-06-17,Rutledge Wood
660,2015-06-15,Jim Florentine
659,2015-06-11,Dean Delray
658,2015-06-10,Greg Fitzsimmons
657,2015-06-08,Corey Knowlton
656,2015-06-06,Bryan Callen
655,2015-06-04,Kevin Folta
654,2015-05-28,Rich Vos
653,2015-05-27,Natasha Leggero
652,2015-05-25,Ricky Schroder
651,2015-05-21,Jordan Gilbert (c9n0thing)
650,2015-05-20,Nick Curson
649,2015-05-18,Jonathan Gottschall
648,2015-05-14,Adam Scorgie
647,2015-05-13,Dom Irrera
646,2015-05-11,Dr. Dan Engle & Aubrey Marcus
645,2015-05-07,Joe Schilling
644,2015-05-06,Brad Williams
643,2015-05-04,"""Big"" Jay Oakerson"
642,2015-05-01,Rich Roll
641,2015-04-29,Sam Harris
640,2015-04-28,Charles C. Johnson
639,2015-04-27,Greg Proops
638,2015-04-22,Aubrey de Grey
637,2015-04-22,Remi Warren
636,2015-04-20,Bryan Callen
635,2015-04-15,Jim Norton
634,2015-04-15,Abby Martin
633,2015-04-13,Alex Winter
632,2015-04-03,Les Stroud
631,2015-03-27,Josh Barnett
630,2015-03-24,Duncan Trussell
629,2015-03-24,Andrew Hill
628,2015-03-21,Garry Tonon & Eddie Bravo
627,2015-03-18,Joey Diaz
626,2015-03-17,Trevor Moore
625,2015-03-16,Steve Maxwell
624,2015-03-10,Tom Segura
623,2015-03-09,Ari Shaffir
622,2015-03-09,Adam Carolla
621,2015-03-07,Aubrey Marcus
620,2015-03-04,Bert Kreischer
619,2015-03-03,Bryan Callen & Brendan Schaub
618,2015-02-25,Artie Lange
617,2015-02-25,Brian Regan
616,2015-02-23,John Wayne Parr
615,2015-02-19,Greg Fitzsimmons
614,2015-02-19,"Christopher Ryan, PhD"
613,2015-02-16,Ms. Pat
612,2015-02-11,Billy Corben
611,2015-02-10,Josh McDermitt
610,2015-02-09,Brian Cox
609,2015-02-04,Tom Papa
608,2015-02-04,Ali Rizvi
607,2015-02-03,Joe Schilling
606,2015-02-02,Randall Carlson
605,2015-01-28,Barry Rothbart
604,2015-01-26,Eddie Huang & Randall Park
603,2015-01-26,Justin Wren
602,2015-01-20,Ari Shaffir & Duncan Trussell
601,2015-01-14,Katy Bowman
600,2015-01-13,Ari Shaffir
599,2015-01-13,Shane Smith
598,2015-01-12,"Joey ""CoCo"" Diaz"
597,2015-01-10,Magnus Walker & Alex Ross
596,2015-01-08,Brian Stann
595,2015-01-06,Nick DiPaolo
594,2014-12-30,Russell Peters
593,2014-12-29,Josh Fox
592,2014-12-23,Bert Kreischer
591,2014-12-22,Kevin Pereira
590,2014-12-19,Ana Kasparian
589,2014-12-18,Chris Harris
588,2014-12-18,Philip DeFranco
587,2014-12-17,Ron Finely
586,2014-12-11,"Kill Tony Cast - Tony Hinchcliffe, Sara Weinshenk & Kimberly Congdon"
585,2014-12-09,John Heffron
584,2014-12-08,Zoltan Istvan
583,2014-12-03,Bill Burr
582,2014-12-02,David Seaman
581,2014-12-01,Andreas Antonopoulos
580,2014-11-26,"Lewis, from Unbox Therapy"
579,2014-11-25,Rory MacDonald
578,2014-11-21,Peter McGraw
577,2014-11-18,Duncan Trussell
576,2014-11-17,Jim Shockey
575,2014-11-13,Matt Fulchiron
574,2014-11-12,"Dr. Mark Gordon, Matthew Gosney & Jason Hall"
573,2014-11-11,Daniele Bolelli
572,2014-11-10,Dom Irrera
571,2014-11-10,Josh Zepps
570,2014-10-30,Ryan Parsons
569,2014-10-28,Joe Perry
568,2014-10-27,DR. RHONDA PATRICK
567,2014-10-24,Cameron Hanes
566,2014-10-23,Sue Aikens
565,2014-10-23,Trevor Valle
564,2014-10-20,Sturgill Simpson
563,2014-10-16,David Choe
562,2014-10-15,Paul Stanley
561,2014-10-14,Bruce Damer
560,2014-10-10,Anthony Cumia
559,2014-10-10,Keith Weber
558,2014-10-10,Honey Honey
557,2014-10-07,Bryan Callen
556,2014-09-30,Bryan Callen
555,2014-09-29,Rory Albanese
554,2014-09-24,W. Kamau Bell
553,2014-09-23,Thaddeus Russell
552,2014-09-22,Kid Cudi
551,2014-09-18,Graham Hancock
550,2014-09-16,Rupert Sheldrake
549,2014-09-15,Big Jay Oakerson
548,2014-09-11,Tim Burnett
547,2014-09-10,Joe DeRosa
546,2014-09-08,Mike Dolce
545,2014-09-04,Tony Hinchcliffe
544,2014-09-03,Dom Irrera
543,2014-09-02,Sam Harris
542,2014-08-28,Greg Fitzsimmons
541,2014-08-27,Mike Baker
540,2014-08-26,Steven Rinella
539,2014-08-25,Cara Santa Maria
538,2014-08-21,Stefan Molyneux
537,2014-08-20,Rich Vos
536,2014-08-18,Joe Quirk
535,2014-08-13,Scroobius Pip
534,2014-08-13,Robin Black
533,2014-08-11,Chris D'Elia
532,2014-08-06,Shooter Jennings
531,2014-08-05,Nick Youssef
530,2014-08-04,"Vince & Emily Horn, from Buddhist Geeks"
529,2014-08-02,Abby Martin
528,2014-07-30,"Michael Stevens, from VSauce"
527,2014-07-29,Ms. Pat
526,2014-07-22,Isaac Haxton
525,2014-07-21,Bert Kreischer
524,2014-07-21,Rickson Gracie & Eddie Bravo
523,2014-07-17,Jim Norton
522,2014-07-16,CJ Werleman
521,2014-07-15,"Lewis, from Unbox Therapy"
520,2014-07-07,David Seaman
519,2014-07-07,Gad Saad
518,2014-07-01,Matt Fulchiron
517,2014-06-30,"Crash, from Float Lab"
516,2014-06-27,"Lewis, from Unbox Therapy"
515,2014-06-27,Ari Shaffir
514,2014-06-19,Duke Roufus
513,2014-06-18,"Joey ""CoCo"" Diaz"
512,2014-06-16,Dan Savage
511,2014-06-11,Enson Inoue
510,2014-06-10,Tony Hinchcliffe
509,2014-06-03,Steve Hilton
508,2014-06-02,"TJ Dillashaw & Duane ""Bang"" Ludwig"
507,2014-05-27,Bert Kreischer
506,2014-05-26,Moshe Kasher
505,2014-05-22,Matt Farah & Alex Ross
504,2014-05-21,Steve Maxwell
503,2014-05-20,Sam Tripoli
502,2014-05-16,Dr. Rhonda Patrick
501,2014-05-15,Randall Carlson
500,2014-05-14,Doug Stanhope & Tom Rhodes
499,2014-05-12,Cenk Uygur
498,2014-05-11,Aubrey Marcus
497,2014-05-07,Tim Kennedy
496,2014-05-06,Nick Cutter
495,2014-05-05,Ian Edwards
494,2014-05-01,Brendan Schaub & Bryan Callen
493,2014-05-01,Greg Fitzsimmons
492,2014-04-29,Dave Attell
491,2014-04-28,Steve Maxwell
490,2014-04-22,Andreas Antonopoulos
489,2014-04-21,Liam & Dylan Resnekov
488,2014-04-21,Iliza Shlesinger
487,2014-04-16,David Seaman
486,2014-04-15,Brendan Schaub & Bryan Callen
485,2014-04-14,Amy Schumer
484,2014-04-11,Alexis Ohanian
483,2014-04-10,Mark Kendall
482,2014-04-09,Rob MacCachren & Bud Brutsman
481,2014-04-07,Ari Shaffir
480,2014-04-02,Duncan Trussell & DJ Douggpound
479,2014-04-01,Joel Salatin
478,2014-03-31,Eddie Bravo
477,2014-03-28,Dennis McKenna & Joshua Wickerham
476,2014-03-26,Honey Honey
475,2014-03-26,Adam Carolla
474,2014-03-25,Hannibal Buress
473,2014-03-24,Jim Jefferies
472,2014-03-20,Shane Smith
471,2014-03-18,Matt Serra
470,2014-03-18,Amber Lyon
469,2014-03-17,Dr. Carl Hart
468,2014-03-11,"Duncan Trussell, Christopher Ryan"
467,2014-03-10,Peter Giuliano
466,2014-03-10,Greg Fitzsimmons
465,2014-03-05,Greg Proops
464,2014-03-04,"Robert Greene, Aubrey Marcus"
463,2014-03-03,Louis Theroux
462,2014-02-26,"Steven Rinella, Doug Duren, Bryan Callen"
461,2014-02-25,David Seaman
460,2014-02-24,Kron Gracie
459,2014-02-20,Dr. Rhonda Patrick
458,2014-02-19,Campbell McLaren
457,2014-02-18,Ari Shaffir
456,2014-02-17,Everlast
455,2014-02-13,"Joey ""CoCo"" Diaz"
454,2014-02-12,War Machine
453,2014-02-11,Molly Crabapple
452,2014-02-10,Immortal Technique & Chino XL
451,2014-02-08,Aubrey Marcus
450,2014-02-07,Cameron Hanes
449,2014-02-04,Justin Martindale
448,2014-02-03,Tom Segura
447,2014-01-28,Cara Santa Maria
446,2014-01-27,Andreas Antonopoulos
445,2014-01-22,Peter Schiff
444,2014-01-21,John Hackleman
443,2014-01-20,Neal Brennan
442,2014-01-17,Steven Rinella
441,2014-01-14,Brian Dunning
440,2014-01-14,Dom Irrera
439,2014-01-13,"Remi Warren, Dan Doty"
438,2014-01-08,Dr. Mark Gordon
437,2014-01-07,Scott Sigler
436,2014-01-06,Stefan Molyneux
435,2013-12-31,Aubrey Marcus
434,2013-12-30,Roseanne Barr
433,2013-12-24,"Duncan Trussell, Christopher Ryan"
432,2013-12-23,"Joey ""CoCo"" Diaz"
431,2013-12-19,Matt Fulchiron
430,2013-12-18,"Shane Smith, Eddie Huang"
429,2013-12-16,Lee Camp
428,2013-12-10,Tom Segura
427,2013-12-09,Cliffy B
426,2013-12-09,Mike Birbiglia
425,2013-12-04,Phil Demers
424,2013-12-03,Brody Stevens
423,2013-12-02,Gene LeBell
422,2013-11-29,Greg Fitzsimmons
421,2013-11-27,Christopher Ryan
420,2013-11-20,"Tom Rhodes, Bryan Callen"
419,2013-11-19,Lorenzo Hagerty
418,2013-11-18,"Jeremy Stephens, Eddie Bravo"
417,2013-11-13,Graham Hancock
416,2013-11-12,Ana Kasparian
415,2013-11-11,Justin Foster
414,2013-11-11,Chris Hadfield
413,2013-11-08,"Dan Carlin, Daniele Bolelli"
412,2013-11-05,Maynard James Keenan
411,2013-11-04,Dave Asprey
410,2013-10-30,Sam Harris
409,2013-10-29,Patrick Magee
408,2013-10-28,Todd Glass
407,2013-10-22,Eddie Bravo
406,2013-10-21,"Tom Segura, Christina Pazsitzky"
405,2013-10-15,"Steven Pressfield, Aubrey Marcus"
404,2013-10-14,Greg Proops
403,2013-10-11,Justin Collett
402,2013-10-09,Bryan Callen
401,2013-10-08,Doug Benson
400,2013-10-04,"Joey ""CoCo"" Diaz, Duncan Trussell"
399,2013-09-30,Buck Angel
398,2013-09-26,Sam Tripoli
397,2013-09-24,Josh Barnett
396,2013-09-23,Stefan Molyneux
395,2013-09-18,Kathleen Madigan
394,2013-09-17,Matt Fulchiron
393,2013-09-16,Tom Segura
392,2013-09-13,David Choe
391,2013-09-10,Duncan Trussell
390,2013-09-09,Mac Lethal
389,2013-09-03,Brian Redban
388,2013-09-02,"Mick West, Bryan Callen"
387,2013-08-28,Everlast
386,2013-08-27,"Joey ""CoCo"" Diaz"
385,2013-08-26,"Duane Ludwig, TJ Dillashaw"
384,2013-08-13,Ian McCall
383,2013-08-12,Jim Norton
382,2013-08-08,Greg Fitzsimmons
381,2013-08-05,Abby Martin
380,2013-08-02,Tony Hinchcliffe
379,2013-07-30,"Matt Farah, Tod Mesirow"
378,2013-07-29,Dan Carlin
377,2013-07-24,Duncan Trussell
376,2013-07-23,Bryan Callen
375,2013-07-16,Shane Smith
374,2013-07-15,Marc Maron
373,2013-07-09,Joey Diaz
372,2013-07-08,Mariana van Zeller
371,2013-07-01,Rick Doblin
370,2013-06-29,Ari Shaffir
369,2013-06-21,"Jason Silva, Duncan Trussell, Ari Shaffir"
368,2013-06-19,David Seaman
367,2013-06-12,Aubrey Marcus
366,2013-06-11,Bobcat Goldthwait
365,2013-06-07,"Kelly Starrett, Glen Cordoza"
364,2013-06-04,Tom Rhodes
363,2013-06-03,Everlast
362,2013-05-28,Eddie Ifft
361,2013-05-27,"Dave Asprey, Tait Fletcher"
360,2013-05-23,Graham Hancock
359,2013-05-21,Alex Grey
358,2013-05-13,Bert Kreischer
357,2013-05-09,Daniele Bolelli
356,2013-05-08,Dan Hardy
355,2013-05-07,Dom Irrera
354,2013-04-30,"Ari Shaffir, Amy Schumer"
353,2013-04-29,Brian Redban
352,2013-04-24,Tom Segura
351,2013-04-23,Georges St. Pierre
350,2013-04-22,Tony Hinchcliffe
349,2013-04-16,Greg Fitzsimmons
348,2013-04-15,"Steven Rinella, Bryan Callen, Cam Edwards"
347,2013-04-12,Joey Diaz
346,2013-04-02,Douglas Rushkoff
345,2013-04-01,Bryan Callen
344,2013-03-30,"Stanley Krippner, Christopher Ryan"
343,2013-03-26,Bill Burr
342,2013-03-25,Christopher Ryan
341,2013-03-20,Ben Hoffman
340,2013-03-19,"JD Kelley, aka ""Wic"""
339,2013-03-18,Jacob Ward
338,2013-03-13,Shane Smith
337,2013-03-12,Justin Wren
336,2013-03-12,Scott Sigler
335,2013-03-11,Bas Rutten
334,2013-03-08,Dr. Amit Goswami
333,2013-03-06,David Lee Roth
332,2013-03-05,Tom Segura
331,2013-03-03,Dr. Steven Greer
330,2013-02-27,Eddie Huang
329,2013-02-26,Duncan Trussell
328,2013-02-25,Dan Carlin
327,2013-02-21,Dana White
326,2013-02-20,Bryan Callen
325,2013-02-19,James Thompson
324,2013-02-18,Sam Sheridan
323,2013-02-06,"""Freeway"" Rick Ross"
322,2013-02-05,Ari Shaffir
321,2013-02-04,Melissa Etheridge
320,2013-01-29,Tim Ferriss
319,2013-01-28,Alex Honnold
318,2013-01-23,"Aubrey Marcus, Eddie Brill"
317,2013-01-22,"David Choe, Yoshi Obayashi"
316,2013-01-22,"Enson Inoue, Chuck Lidell"
315,2013-01-21,Jimmy Smith
314,2013-01-16,Ian Edwards
313,2013-01-15,"""Opie"""
312,2013-01-14,"Steve Rinella, Bryan Callen"
311,2013-01-10,Ari Shaffir
310,2013-01-09,Neil deGrasse Tyson
309,2013-01-08,Adam Hunter
308,2013-01-07,Steve Volk
307,2013-01-04,Bryan Callen
306,2013-01-03,Christopher Ryan
305,2013-01-02,Bert Kreicher
304,2012-12-27,Andrew Dice Clay
303,2012-12-26,Matt Vengrin
302,2012-12-24,Josh Barnett
301,2012-12-22,Doug Stanhope
300,2012-12-18,Joey Diaz
299,2012-12-17,HoneyHoney
298,2012-12-16,Dennis McKenna
297,2012-12-13,Dom Irrera
296,2012-12-12,"Mix Master Mike, Russell Peters, Mark Rasta"
295,2012-12-11,"Tom Segura, Christina Pazsitzky"
294,2012-12-06,Ari Shaffir
293,2012-12-05,Cara Santa Maria
292,2012-11-29,Eddie Bravo
291,2012-11-28,Duncan Trussell
290,2012-11-27,John Mcafee
289,2012-11-26,Shane Smith
288,2012-11-22,Greg Proops
287,2012-11-20,Les Stroud
286,2012-11-19,Daniele Bolelli
285,2012-11-19,Tim Ferriss
284,2012-11-14,Daniel H. Wilson
283,2012-11-12,Dave Attell
282,2012-11-07,"Peter Duesberg, Bryan Callen"
281,2012-11-06,Bryan Callen
280,2012-11-05,Philip Coppens
279,2012-10-31,Duncan Trussell
278,2012-10-29,Ari Shaffir
277,2012-10-18,Victor Conte
276,2012-10-16,"David Seaman, Abby Martin, Dell Cameron"
275,2012-10-15,Dave Asprey
274,2012-10-10,Alex Grey
273,2012-10-04,Amber Lyon
272,2012-10-03,"Duncan Trussell, Joey Diaz, Ian Edwards"
271,2012-10-02,London Real
270,2012-09-26,Kevin Pereira
269,2012-09-25,Tait Fletcher
268,2012-09-20,Joey Diaz
267,2012-09-19,Mac Danzig
266,2012-09-18,Rich Roll
265,2012-09-17,"Sam Tripoli, Shane Smith"
264,2012-09-12,Tom Segura
263,2012-09-10,"Kat Von D, Eddie Bravo"
262,2012-09-07,Rick Ross
261,2012-09-06,Ari Shaffir
260,2012-09-04,Greg Fitzsimmons
259,2012-08-30,Mike Birbiglia
258,2012-08-30,Bryan Callen
257,2012-08-28,"Immortal Technique, Swavey Krokett, DJ GIJOE"
256,2012-08-27,David Seaman
254,2012-08-16,EVERLAST
255,2012-08-16,Duncan Trussell
253,2012-08-15,"Andrew Dice Clay, Max Silverstein, Eleanor J. Kerrigan"
252,2012-08-14,Jamie Kilstein
251,2012-08-13,Bryan Callen
250,2012-08-08,Joey Diaz
249,2012-08-07,Bert Kreischer
248,2012-08-02,Tom Rhodes
247,2012-07-31,Tito Ortiz
246,2012-07-27,Maynard J Keenan
245,2012-07-26,Robb Wolf
244,2012-07-25,Immortal Technique
243,2012-07-24,HoneyHoney
242,2012-07-19,Justin Halpern
241,2012-07-17,James Bobo Fay
240,2012-07-16,Aubrey Marcus
239,2012-07-11,Adam Kokesh
238,2012-07-10,Kevin Pereira
237,2012-07-09,Tommy Chong
236,2012-07-05,Eddie Bravo
235,2012-07-04,Josh Barnett
234,2012-06-30,Adam Scorgie
233,2012-06-28,Jim Norton
232,2012-06-26,Giorgio Tsoukalos
231,2012-06-21,Dom Irrera
230,2012-06-19,Sam Sheridan
229,2012-06-18,Ari Shaffir
228,2012-06-13,Bill Burr
227,2012-06-11,Ari Shaffir
226,2012-06-09,John Anthony West
225,2012-06-07,Urijah Faber
224,2012-06-06,Brian Redban
223,2012-05-30,Bobcat Goldthwait
222,2012-05-29,"Mike Dolce, Joey Diaz"
221,2012-05-28,Shane Smith
220,2012-05-24,Bert Kreischer
219,2012-05-23,Joey Diaz
218,2012-05-22,Dom Irrera
217,2012-05-15,Michael Ruppert
216,2012-05-14,Chael Sonnen
215,2012-05-11,"Andrew Dice Clay, Max Silverstein"
214,2012-05-08,Duncan Trussell
213,2012-05-07,Eddie Bravo
212,2012-05-01,Bryan Callen
211,2012-05-01,Ari Shaffir
210,2012-04-26,Joey Diaz
209,2012-04-25,Eddie Ifft
208,2012-04-24,"""Freeway"" Rick Ross"
207,2012-04-18,"Tom Segura, Christina Pazsitzky"
206,2012-04-17,Eddie Bravo
205,2012-04-12,Neal Brennan
204,2012-04-10,Amy Schumer
203,2012-04-07,Jim Jefferies
202,2012-04-05,Dom Irrera
201,2012-04-03,EverLast
200,2012-03-28,Duncan Trussell
199,2012-03-27,Joey Diaz
198,2012-03-21,Brody Stevens
197,2012-03-19,Ari Shaffir
196,2012-03-14,Matt Paxton
195,2012-03-13,Aubrey Marcus
194,2012-03-12,Jason Silva
193,2012-03-11,Jim Gaffigan
192,2012-03-08,Sam Harris
191,2012-03-06,Honey Honey
190,2012-02-29,Greg Fitzsimmons
189,2012-02-28,B-Real
188,2012-02-21,Amy Schumer
187,2012-02-20,Daniele Bolelli
186,2012-02-16,Ari Shaffir
185,2012-02-14,Tom Segura
184,2012-02-11,"DEADMAU5, Russell Peters, Eddie Bravo"
183,2012-02-09,Jason Silva
182,2012-02-06,"Bryan Callen, Jimmy Burke"
181,2012-02-01,Iliza Shlesinger
180,2012-01-31,"Joey Diaz, Eddie Bravo, Denny Prokopos"
179,2012-01-25,Duncan Trussell
178,2012-01-23,Joey Diaz
177,2012-01-18,Hamilton Morris
176,2012-01-16,Steven Rinella
175,2012-01-10,Ari Shaffir
174,2012-01-09,"Eddie Bravo, Dr. Steve Graham"
173,2012-01-06,Peter Joseph
172,2012-01-03,Bryan Callen
171,2011-12-28,EverLast
170,2011-12-27,Michael Ruppert
169,2011-12-24,"Brian Redban, Doug Benson, Bert Kreischer, Ari Shaffir, Jason Gillearn"
168,2011-12-21,"Ronda Rousey, Eddie Bravo"
167,2011-12-20,Aubrey Marcus
166,2011-12-14,Duncan Trussell
165,2011-12-13,Bruce Lipton
164,2011-12-06,Shane Smith
163,2011-12-01,"Doug Stanhope, Joey Diaz"
162,2011-11-29,Daniele Bolelli
161,2011-11-28,Bert Kreischer
160,2011-11-24,Eddie Bravo
159,2011-11-22,Nick Thune
158,2011-11-16,Doug Benson
157,2011-11-15,"Tom Segura, Christina Pazsitzky"
156,2011-11-10,Duncan Trussell
155,2011-11-08,Dave Attell
154,2011-11-07,Sam Tripoli
153,2011-10-31,Joey Diaz
152,2011-10-27,Brian Redban
151,2011-10-25,Josh McDermitt
150,2011-10-24,Bryan Callen
149,2011-10-22,LIVE FROM THE ICEHOUSE (PART ONE)
148,2011-10-19,Kevin Pereira
147,2011-10-17,Duncan Trussell
146,2011-10-13,Ari Shaffir
145,2011-10-10,Bert Kreischer
144,2011-10-04,Eddie Bravo
143,2011-09-28,"Mayhem Miller, Ryan Parsons"
142,2011-09-25,"Graham Hancock, Duncan Trussell"
141,2011-09-25,Duncan Trussell
140,2011-09-22,Brendon Walsh
139,2011-09-14,Duncan Trussell
138,2011-09-11,Anthony Bourdain
137,2011-09-10,Tim Ferriss
136,2011-09-08,Daniel Pinchbeck
135,2011-09-06,"John Heffron, Joey Diaz"
134,2011-09-01,Kevin Smith
133,2011-08-24,"Charlie Murphy, Freeze Love"
132,2011-08-22,Bert Kreischer
131,2011-08-17,Neal Brennan
130,2011-08-16,Duncan Trussell
129,2011-08-11,Ari Shaffir
128,2011-08-10,Joey Diaz
127,2011-08-03,Aubrey Marcus
126,2011-07-31,Freddy Lockhart
125,2011-07-27,"Giorgio Tsoukalos, Eddie Bravo"
124,2011-07-24,Michael Schiavello
123,2011-07-20,Tom Segura
122,2011-07-19,Jamie Kilstein
121,2011-07-11,Bryan Callen
120,2011-07-06,Duncan Trussell
119,2011-07-05,Jan Irvin
118,2011-06-29,Ari Shaffir
117,2011-06-28,Eddie Bravo
116,2011-06-21,"Russell Peters, Junior Simpson"
115,2011-06-20,Maz Jobrani
114,2011-06-14,Neal Brennan
113,2011-06-13,Brian Posehn
112,2011-06-07,"Cliffy B, Johnny Cristo"
111,2011-06-06,Al Madrigal
110,2011-06-01,Duncan Trussell
109,2011-05-31,Ari Shaffir
108,2011-05-30,Joey Diaz
107,2011-05-12,Doug Benson
106,2011-05-10,Steve Rannazzisi
105,2011-05-09,Bryan Callen
104,2011-05-04,Sam Tripoli
103,2011-05-02,Duncan Trussell
102,2011-04-27,John Heffron
101,2011-04-26,Adam Carolla
100,2011-04-19,Brian Redban
99,2011-04-18,Tom Segura
98,2011-04-13,"Daryl Wright, Brian Whitaker"
97,2011-04-12,Freddy Lockhart
96,2011-04-08,Kevin Pereira
95,2011-04-05,Bert Kreischer
94,2011-03-31,Joey Diaz
93,2011-03-28,Eddie Bravo
91,2011-03-22,Bill Burr
92,2011-03-22,Jim Norton
90,2011-03-16,Joey Diaz
89,2011-03-15,Bryan Callen
88,2011-03-10,Andy Dick
87,2011-03-08,Dana Dearmond
86,2011-03-04,Tom Segura
85,2011-03-01,Ari Shaffir
84,2011-02-28,Duncan Trussell
83,2011-02-22,Bas Rutten
82,2011-02-21,Dave Foley
81,2011-02-16,Pete Johansson
80,2011-02-15,"Joey Diaz, Ari Shaffir"
79,2011-02-10,Jon Lajoie
78,2011-02-08,Chris Aubrey Marcus
77,2011-02-03,Eddie Ifft
76,2011-02-01,Bobby Lee
75,2011-01-26,Sam Tripoli
74,2011-01-25,Allison Sciulla
73,2011-01-19,Bert Kreischer
72,2011-01-18,Ari Shaffir
71,2011-01-13,Al Madrigal
70,2011-01-11,Brendon Walsh
69,2011-01-05,Bryan Callen
68,2011-01-04,Iliza Schlesinger
67,2010-12-30,Hal Sparks
66,2010-12-28,Nick Swardson
64,2010-12-21,John Heffron
65,2010-12-21,Joey Diaz
63,2010-12-17,Russell Peters
62,2010-12-15,Duncan Trussell
61,2010-12-08,Cliffy B
60,2010-12-07,"Joey Diaz, Ari Shaffir"
59,2010-12-01,Ralphie May
58,2010-11-29,Mayhem Miller
57,2010-11-26,Jayson Thibault
56,2010-11-23,Johnny Pemberton
55,2010-11-16,Duncan Trussell
54,2010-11-09,Eddie Bravo
53,2010-11-02,Freddy Lockhart
52,2010-10-28,Steve Rannazzisi
51,2010-10-26,Joey Diaz
50,2010-10-21,Little Esther
49,2010-10-19,Duncan Trussell
48,2010-10-12,Brian Redban
47,2010-10-09,Michael Schiavello
46,2010-10-05,Chris Marcus
45,2010-09-29,Tom Green
44,2010-09-28,Todd McCormick
43,2010-09-23,Doug Stanhope
42,2010-09-20,Duncan Trussell
41,2010-09-13,Ari Shaffir
40,2010-09-07,Tyler Knight
39,2010-09-02,Joey Diaz
38,2010-08-31,Bryan Callen
37,2010-08-24,Ricky Schroder
36,2010-08-21,Eddie Bravo
35,2010-08-11,"Joey Diaz, Eddie Bravo"
34,2010-08-10,Doug Benson
33,2010-08-03,Dane Cook
32,2010-07-28,Bryan Callen
31,2010-07-20,Mayhem Miller
30,2010-07-14,Eddie Bravo
29,2010-07-06,Brian Redban
28,2010-06-29,Joey Diaz
27,2010-06-24,Sam Tripoli
26,2010-06-16,Bill Burr
25,2010-06-15,Joey Diaz
24,2010-06-08,Eddie Bravo
23,2010-06-02,Brian Redban
22,2010-05-25,John Heffron
21,2010-05-18,Brian Redban
20,2010-05-12,Tom Segura
19,2010-05-04,Brian Redban
18,2010-04-27,Redban
17,2010-04-21,"Ari Shaffir, Eddie Bravo"
16,2010-04-13,Brian Redban
15,2010-04-07,Brian Redban
14,2010-04-03,Brian Redban
13,2010-03-31,Eddie Bravo
12,2010-03-20,Joe Rogan
11,2010-03-09,Brian Redban
10,2010-03-03,Joe Rogan
9,2010-02-24,Brian Redban
8,2010-02-10,Tom Segura
7,2010-02-03,Brian Redban
6,2010-01-28,Brian Redban
5,2010-01-21,"Ari Shaffir, John Heffron"
4,2010-01-13,Brian Redban
3,2010-01-06,Ari Shaffir
2,2009-12-29,Brian Redban
1,2009-12-24,Brian Redban
