episode_number,guest_name
1172,Morgan Fallon
1171,Nick Yarris
1170,Tulsi Gabbard
1169,Elon Musk
1168,Mareko Maumasi
1167,Larry Sharpe
1166,Diamond Dallas Page
1165,Tom Papa
1164,Mikhaila Peterson
1163,Banachek
1162,Valentine Thomas
1161,Jerrod Carmichael
1161,Jamar Neighbors
1160,Bert Kreischer
1159,Neil deGrasse Tyson
1158,Chuck Palahniuk
1157,Shooter Jennings
1156,Jimmy Dore
1155,Henry Rollins
1154,Doug Duren
1154,Bryan Richards
1153,Macaulay Culkin
1152,John Joseph
1151,Sean Carroll
1150,Felipe Esparza
1149,Michael Scott Moore
1148,Andrew Santino
1147,Dr. Debra Soh
1146,Jeff Garlin
1145,Peter Schiff
1144,Doug Stanhope
1143,Candice Thompson
1142,Tony Rock
1141,Theo Von
1140,Joey Diaz
1139,Jordan Peterson
1138,Ted Nugent
1137,Duncan Trussell
1136,Hamilton Morris
1135,Ari Shaffir
1134,Kyle Dunnigan
1133,Dennis McKenna
1132,Kyle Kingsbury
1131,Dave Rubin
1130,Adam Frank
1129,Tom Papa
1128,Ryan Sickler
1127,Jesse Itzler
1126,Erik Griffin
1125,Candace Owens
1124,Robert Schoch
1123,Kevin Smith
1122,Donnie Vincent
1121,Michael Pollan
1120,Ben Greenfield
1119,Howard Bloom
1118,Theo Von
1117,Tim Kennedy
1116,Steven Tyler
1115,Mike Baker
1114,Matt Taibbi
1113,Brian Redban
1112,Cameron Hanes
1111,Abby Martin
1110,Zach Bitter
1109,Matthew Walker
1108,Peter Attia
1107,Sam Harris
1107,Maajid Nawaz
1106,Colion Noir
1105,Michael Hunter
1104,Boyan Slat
1103,Tom Segura
1102,Matt Farah
1101,Mark Bell
1101,Chris Bell
1100,Liz Phair
1099,Christopher Ryan
1098,Eddie Bravo
1097,Big Jay Oakerson
1097,Luis J. Gomez
1097,Dave Smith
1096,Todd Glass
1095,T.J. English
1095,Joey Diaz
1094,Brian Redban
1093,Owen Benjamin
1093,Kurt Metzger
1092,Mary Lynn Rajskub
1091,Daniele Bolelli
1090,Andrew Santino
1089,John Dudley
1088,Bryan Callen
1087,Sturgill Simpson
1086,Rory Albanese
1085,Kyle Kulinski
1084,Douglas Murray
1083,Dom Irrera
1082,Greg Fitzsimmons
1081,Bret Weinstein
1081,Heather Heying
1080,David Goggins
1079,Tony Hinchcliffe
1078,Jimmy Dore
1077,Johann Hari
1076,Phil Demers
1075,Duncan Trussell
1074,Cameron Hanes
1073,Steven Pinker
1072,Joey Diaz
1071,Steven Crowder
1071,NotGay Jared
1070,Jordan Peterson
1069,Ben Greenfield
1068,Michael Shermer
1067,Whitney Cummings
1066,Mel Gibson
1066,Dr. Neil Riordan
1065,Danica Patrick
1064,Eddie Huang
1064,Jessica Rosenworcel
1063,Tom Segura
1062,Dan Harris
1062,Jeff Warren
1061,Tom Papa
1060,Remi Warren
1059,Brian Redban
1058,Nina Teicholz
1057,Eddie Pepitone
1056,Dr. Mark Gordon
1056,Andrew Marr
1055,Bret Weinstein
1054,Dr. Rhonda Patrick
1053,Neal Brennan
1052,Mick West
1051,Duncan Trussell
1051,Christopher Ryan
1050,Dr. Shawn Baker
1049,Chris Stapleton
1048,Doug Stanhope
1047,Andy Stumpf
1046,Owen Smith
1045,Bryan Callen
1044,C.T. Fletcher
1043,Brian Redban
1042,Krystyna Hutchinson
1042,Corinne Fisher
1041,Dan Carlin
1040,Brian Regan
1039,Iliza Shlesinger
1038,Billy Corgan
1037,Chris Kresser
1036,Ari Shaffir
1036,Bert Kreischer
1036,Tom Segura
1035,Paul Stamets
1034,Sebastian Junger
1033,Owen Benjamin
1032,Colin Moriarty
1031,Jamie Kilstein
1030,Joey Diaz
1029,Tom DeLonge
1028,Adam Greentree
1027,Courtney Dauwalter
1026,Brian Redban
1025,Greg Fitzsimmons
1024,Bert Kreischer
1023,Christina P
1022,Eric Weinstein
1021,Russell Brand
1020,Amy Alkon
1019,Bryan Fogel
1018,Alonzo Bodden
1017,Jim Norton
1016,Whitney Cummings
1015,Reggie Watts
1014,Dave Smith
1013,Cameron Hanes
1012,Brendan Schaub
1011,Tom Papa
1010,Brian Redban
1009,James Damore
1008,Cody Garbrandt
1008,Urijah Faber
1007,Ari Shaffir
1007,Bert Kreischer
1007,Tom Segura
1006,Jordan Peterson
1006,Bret Weinstein
1005,Hannibal Buress
1004,W. Kamau Bell
1003,Sean Carroll
1002,Peter Schiff
1001,Mike Baker
1e3,Joey Diaz
1e3,Tom Segura
999,Tom Bilyeu
998,Owen Benjamin
997,Pauly Shore
996,Dr. Andy Galpin
995,Jon Ronson
994,Dom D'Agostino
993,Ben Shapiro
992,Ian Edwards
991,Eddie Bravo
990,Jamie Foxx
989,Dorian Yates
988,Nick Swardson
987,Ben O'Brien
986,Maynard James Keenan
985,Gad Saad
984,Yvette d'Entremont
983,Natasha Leggero
983,Moshe Kasher
982,Honey Honey
981,Josh Barnett
980,Chris D'Elia
979,Sargon of Akkad
978,Judd Apatow
977,Jeff Evans
977,Bud Brutsman
976,Morgan Murphy
975,Sebastian Junger
974,Megan Phelps-Roper
973,Wheeler Walker Jr.
972,Ari Shaffir
971,Steven Rinella
970,Bret Weinstein
969,Andrew Santino
968,Kelly Brogan
967,Bill Burr
966,Tom Papa
965,Robert Sapolsky
964,Everlast
963,Michael Malice
962,Jocko Willink
961,Graham Hancock
961,Randall Carlson
961,Michael Shermer
960,Steve-O
959,Mick West
958,Jordan Peterson
957,Cameron Hanes
956,Guy Ritchie
955,Al Madrigal
954,Justin Brown
953,Shirley Manson
952,Thaddeus Russell
951,Dan Doty
950,Abby Martin
949,Josh Zepps
948,Brendan Schaub
948,Eddie Bravo
947,Ron Miscavige
946,Dennis McKenna
945,Dr. Roddy McGee
944,Scott Eastwood
944,Cameron Hanes
943,Moshe Kasher
942,Dan Flores
941,Greg Fitzsimmons
940,Sam Harris
940,Dan Harris
939,Chris Cage
938,Lawrence Krauss
937,Justin Wren
936,Colin Moriarty
935,Robb Wolf
934,John Dudley
933,Julie Kedzie
932,TJ Kirk
931,Jim Norton
930,Will MacAskill
929,Dan Pena
928,Arian Foster
927,Tom Papa
926,Joey Diaz
926,Alberto Gallazzi
925,Theo Von
924,Rory Albanese
923,Whitney Cummings
922,Philip DeFranco
921,Dominick Cruz
920,Gavin McInnes
919,Neil deGrasse Tyson
918,Frank Castillo
917,Steven Crowder
916,Eddie Bravo
916,Bryan Callen
916,Brendan Schaub
915,Nick DiPaolo
914,Ryan Callaghan
914,Kenton Carruth
913,Christopher Ryan
912,Pete Holmes
911,Alex Jones
911,Eddie Bravo
910,Gary Vaynerchuk
909,Bill Burr
908,Leah Remini
907,Mike Baker
906,Henry Rollins
905,Shane Smith
904,Gary Taubes
903,Tony Hinchcliffe
903,Brian Redban
902,Jeff Ross
902,Greg Fitzsimmons
902,Andrew Santino
901,Dr. Rhonda Patrick
900,Joseph Valtellini
899,Bryan Callen
898,Bas Rutten
898,Mauro Ranallo
897,Hunter Maats
896,Young Jamie
895,Tom Segura
895,Bert Kreischer
894,Tom Segura
894,Bert Kreischer
893,Joey Diaz
893,Eddie Bravo
893,Brendan Schaub
892,Greg Fitzsimmons
891,Zach Leary
890,Eddie Bravo
890,Brendan Schaub
889,Brian Redban
888,Ron White
887,James Hetfield
886,Hank Shaw
885,Tom Segura
884,Joey Diaz
883,Kevin Smith
882,Tom Papa
881,Lee Camp
880,Jon Jones
879,Steven Rinella
878,Aubrey Marcus
877,Jordan Peterson
876,Chris Bell
875,Shannon Briggs
874,Scott Adams
873,Steven Kotler
872,Graham Hancock
872,Randall Carlson
871,Brendan Schaub
870,Bert Kreischer
869,Dave Rubin
868,John Dudley
867,Joey Diaz
866,Christine Hassler
865,Wim Hof
864,Kevin Ross
864,Gaston Bolanos
863,Duncan Trussell
862,Trevor Valle
861,Bryan Callen
860,Russell Peters
859,Brian Redban
858,Jesse Ventura
857,Dan Bilzerian
856,Tony Hinchcliffe
856,Young Jamie
855,Tom Segura
855,Christina Pazsitzky
854,Louie Simmons
853,Adam Greentree
852,John Anthony West
851,Shane Mauss
850,George Perez
849,James Kingston
848,Bryan Callen
847,Dan Carlin
846,Michael Shermer
845,TJ Dillashaw
845,Duane Ludwig
845,Bas Rutten
844,Andreas Antonopoulos
843,Tony Hinchcliffe
842,Chris Kresser
841,Greg Fitzsimmons
840,Donald Cerrone
839,Tom Papa
838,Josh Zepps
837,Gad Saad
836,Hannibal Buress
835,Louis Theroux
834,Dan Doty
833,Brian Redban
832,Vinny Shoreman
831,Byron Bowers
830,Neal Brennan
829,Wayne Federman
828,Duncan Trussell
826,Justin Wren
825,Jeremy Stephens
824,Bryan Callen
823,Eleanor Kerrigan
822,Chael Sonnen
821,Joey Diaz
820,Milo Yiannopoulos
819,Brendan Schaub
818,Mike Schmidt
817,Jason Hairston
817,Brendan Burns
816,Joe Schilling
815,Cameron Hanes
814,Ari Shaffir
813,Shane Dorian
812,Russell Brand
812,Jim Breuer
811,Jim Breuer
810,Big Jay Oakerson
809,Aubrey Marcus
808,Michael Wood Jr.
807,AJ Gentile
807,Gino Gentile
806,Dave Smith
805,Steve Hofstetter
804,Sam Harris
803,Joey Diaz
803,Lee Syatt
802,Tom Papa
801,Gary Johnson
800,Bobcat Goldthwait
799,Brendan Schaub
799,Bryan Callen
798,Alison Rosen
797,Alex Grey
797,Allyson Grey
796,Josh Zepps
795,Ian Edwards
794,Miesha Tate
793,Whitney Cummings
792,Lewis Hilsenteger
791,Steve Schirripa
790,Steve Maxwell
789,Dan Auerbach
788,Brendan Schaub
787,Eddie Huang
786,Wheeler Walker Jr.
785,Dom Irrera
784,Brian Redban
783,John Dudley
782,Rick Doblin
781,Kevin Rose
780,Sturgill Simpson
779,Andrew Dice Clay
779,Joey Diaz
778,Ari Shaffir
777,Brian Redban
776,Adam Cropp
775,Greg Fitzsimmons
774,Brendan Schaub
774,Bryan Callen
773,Dr. Rhonda Patrick
772,Mark Bell
772,Chris Bell
771,Eddie Bravo
770,Michael Shermer
769,Bert Kreischer
768,Ian McCall
768,Brendan Schaub
768,Bryan Callen
767,Mike Baker
766,Gad Saad
765,Tovar Cerulli
764,Duncan Trussell
763,Action Bronson
762,Robin Black
761,Bas Rutten
760,Doug Duren
760,Nathan Ihde
759,Cameron Hanes
758,Tom Papa
757,Gary Clark Jr.
756,Kyle Kingsbury
755,Daniele Bolelli
754,Brian Redban
753,Hannibal Buress
752,Mark Sisson
751,Doug Stanhope
750,Kip Andersen
750,Keegan Kuhn
749,Carlos Condit
749,Erwan Le Corre
748,Jenny Johnson
747,Tony Hinchcliffe
746,TJ Kirk
745,Ari Shaffir
744,Tom Segura
743,Phil Demers
742,Aubrey Marcus
741,Joey Diaz
740,Thaddeus Russell
739,Duncan Trussell
739,Christopher Ryan
738,Molly Crabapple
737,Lance Armstrong
736,Brendan Schaub
736,Bryan Callen
735,Peter Boghossian
734,Brendan Schaub
733,Judah Friedlander
732,Whitney Cummings
731,Bert Kreischer
730,Demetrious Johnson
729,Jocko Willink
728,Ceara Lynch
727,Bill Burr
726,Josh Zepps
725,Graham Hancock
725,Randall Carlson
724,Christina Sommers
723,Dana White
723,Tony Hinchcliffe
722,Tony Hinchcliffe
721,Eddie Bravo
720,Tait Fletcher
720,Andy Stumpf
719,Josh Olin
718,Christopher Ryan
717,Steve-O
716,Daniele Bolelli
715,Remi Warren
714,John Wayne Parr
713,Dave Rubin
712,Wim Hof
711,Brian Redban
710,Gavin McInnes
709,Steven Rinella
708,Steven Crowder
707,Michael Dowd
706,Brendan Schaub
705,Tait Fletcher
704,Alonzo Bodden
703,Brian Redban
702,Milo Yiannopoulos
701,Honey Honey
700,Dr. Mark Gordon
700,Andrew Marr
699,Donald Cerrone
698,Dr. Carl Hart
697,Christopher Ryan
696,Lewis Hilsenteger
695,Sebastian Maniscalco
694,Jane McGonigal
693,Tom Segura
692,Jay Leno
691,Bryan Callen
690,Ronda Rousey
690,Edmond Tarverdyan
689,Abby Martin
688,Brian Redban
687,Justin Wren
686,Jeff Ross
685,Jeff Novitzky
684,Brian Redban
683,Ethan Nadelmann
682,Mark Bell
682,Chris Bell
681,Gad Saad
680,Steven Hassan
679,Barry Crimmins
679,Bobcat Goldthwait
678,Jonathan Ward
677,Josh Zepps
676,Esther Ku
675,Kirik Jenness
675,Chris Palmquist
674,Brian Redban
673,Nick DiPaolo
673,Adam Lowery
672,Dr. Rhonda Patrick
671,Brendan Schaub
671,Bryan Callen
670,Michael Wood Jr.
669,Joey Diaz
668,Jon Ronson
667,Kurt Metzger
666,Duncan Trussell
665,Neal Brennan
664,Tom Segura
664,Christina Pazsitzky
663,Dominic Monaghan
662,Vinny Shoreman
661,Rutledge Wood
660,Jim Florentine
659,Dean Delray
658,Greg Fitzsimmons
657,Corey Knowlton
656,Bryan Callen
655,Kevin Folta
654,Rich Vos
653,Natasha Leggero
652,Ricky Schroder
651,Jordan Gilbert (c9n0thing)
650,Nick Curson
649,Jonathan Gottschall
648,Adam Scorgie
647,Dom Irrera
646,Dr. Dan Engle
646,Aubrey Marcus
645,Joe Schilling
644,Brad Williams
643,Big Jay Oakerson
642,Rich Roll
641,Sam Harris
640,Charles C. Johnson
639,Greg Proops
638,Aubrey de Grey
637,Remi Warren
636,Bryan Callen
635,Jim Norton
634,Abby Martin
633,Alex Winter
632,Les Stroud
631,Josh Barnett
630,Duncan Trussell
629,Andrew Hill
628,Garry Tonon
628,Eddie Bravo
627,Joey Diaz
626,Trevor Moore
625,Steve Maxwell
624,Tom Segura
623,Ari Shaffir
622,Adam Carolla
621,Aubrey Marcus
620,Bert Kreischer
619,Bryan Callen
619,Brendan Schaub
618,Artie Lange
617,Brian Regan
616,John Wayne Parr
615,Greg Fitzsimmons
614,Christopher Ryan
613,Ms. Pat
612,Billy Corben
611,Josh McDermitt
610,Brian Cox
609,Tom Papa
608,Ali Rizvi
607,Joe Schilling
606,Randall Carlson
605,Barry Rothbart
604,Eddie Huang
604,Randall Park
603,Justin Wren
602,Ari Shaffir
602,Duncan Trussell
601,Katy Bowman
600,Ari Shaffir
599,Shane Smith
598,Joey Diaz
597,Magnus Walker
597,Alex Ross
596,Brian Stann
595,Nick DiPaolo
594,Russell Peters
593,Josh Fox
592,Bert Kreischer
591,Kevin Pereira
590,Ana Kasparian
589,Chris Harris
588,Philip DeFranco
587,Ron Finely
586,Tony Hinchcliffe
586,Sara Weinshenk
586,Kimberly Congdon
585,John Heffron
584,Zoltan Istvan
583,Bill Burr
582,David Seaman
581,Andreas Antonopoulos
580,Lewis Hilsenteger
579,Rory MacDonald
578,Peter McGraw
577,Duncan Trussell
576,Jim Shockey
575,Matt Fulchiron
574,Dr. Mark Gordon
574,Matthew Gosney
574,Jason Hall
573,Daniele Bolelli
572,Dom Irrera
571,Josh Zepps
570,Ryan Parsons
569,Joe Perry
568,Dr. Rhonda Patrick
567,Cameron Hanes
566,Sue Aikens
565,Trevor Valle
564,Sturgill Simpson
563,David Choe
562,Paul Stanley
561,Bruce Damer
560,Anthony Cumia
559,Keith Weber
558,Honey Honey
557,Bryan Callen
556,Bryan Callen
555,Rory Albanese
554,W. Kamau Bell
553,Thaddeus Russell
552,Kid Cudi
551,Graham Hancock
550,Rupert Sheldrake
549,Big Jay Oakerson
548,Tim Burnett
547,Joe DeRosa
546,Mike Dolce
545,Tony Hinchcliffe
544,Dom Irrera
543,Sam Harris
542,Greg Fitzsimmons
541,Mike Baker
540,Steven Rinella
539,Cara Santa Maria
538,Stefan Molyneux
537,Rich Vos
536,Joe Quirk
535,Scroobius Pip
534,Robin Black
533,Chris D'Elia
532,Shooter Jennings
531,Nick Youssef
530,Vince Horn
530,Emily Horn
529,Abby Martin
528,Michael Stevens
527,Ms. Pat
526,Isaac Haxton
525,Bert Kreischer
524,Rickson Gracie
524,Eddie Bravo
523,Jim Norton
522,CJ Werleman
521,Lewis Hilsenteger
520,David Seaman
519,Gad Saad
518,Matt Fulchiron
517,Crash from Float Lab
516,Lewis Hilsenteger
515,Ari Shaffir
514,Duke Roufus
513,Joey Diaz
512,Dan Savage
511,Enson Inoue
510,Tony Hinchcliffe
509,Steve Hilton
508,TJ Dillashaw
508,Duane Ludwig
507,Bert Kreischer
506,Moshe Kasher
505,Matt Farah
505,Alex Ross
504,Steve Maxwell
503,Sam Tripoli
502,Dr. Rhonda Patrick
501,Randall Carlson
500,Doug Stanhope
500,Tom Rhodes
499,Cenk Uygur
498,Aubrey Marcus
497,Tim Kennedy
496,Nick Cutter
495,Ian Edwards
494,Brendan Schaub
494,Bryan Callen
493,Greg Fitzsimmons
492,Dave Attell
491,Steve Maxwell
490,Andreas Antonopoulos
489,Liam Resnekov
489,Dylan Resnekov
488,Iliza Shlesinger
487,David Seaman
486,Brendan Schaub
486,Bryan Callen
485,Amy Schumer
484,Alexis Ohanian
483,Mark Kendall
482,Rob MacCachren
482,Bud Brutsman
481,Ari Shaffir
480,Duncan Trussell
480,DJ Douggpound
479,Joel Salatin
478,Eddie Bravo
477,Dennis McKenna
477,Joshua Wickerham
476,Honey Honey
475,Adam Carolla
474,Hannibal Buress
473,Jim Jefferies
472,Shane Smith
471,Matt Serra
470,Amber Lyon
469,Dr. Carl Hart
468,Duncan Trussell
468,Christopher Ryan
467,Peter Giuliano
466,Greg Fitzsimmons
465,Greg Proops
464,Robert Greene
464,Aubrey Marcus
463,Louis Theroux
462,Steven Rinella
462,Doug Duren
462,Bryan Callen
461,David Seaman
460,Kron Gracie
459,Dr. Rhonda Patrick
458,Campbell McLaren
457,Ari Shaffir
456,Everlast
455,Joey Diaz
454,War Machine
453,Molly Crabapple
452,Immortal Technique
452,Chino XL
451,Aubrey Marcus
450,Cameron Hanes
449,Justin Martindale
448,Tom Segura
447,Cara Santa Maria
446,Andreas Antonopoulos
445,Peter Schiff
444,John Hackleman
443,Neal Brennan
442,Steven Rinella
441,Brian Dunning
440,Dom Irrera
439,Remi Warren
439,Dan Doty
438,Dr. Mark Gordon
437,Scott Sigler
436,Stefan Molyneux
435,Aubrey Marcus
434,Roseanne Barr
433,Duncan Trussell
433,Christopher Ryan
432,Joey Diaz
431,Matt Fulchiron
430,Shane Smith
430,Eddie Huang
429,Lee Camp
428,Tom Segura
427,Cliffy B
426,Mike Birbiglia
425,Phil Demers
424,Brody Stevens
423,Gene LeBell
422,Greg Fitzsimmons
421,Christopher Ryan
420,Tom Rhodes
420,Bryan Callen
419,Lorenzo Hagerty
418,Jeremy Stephens
418,Eddie Bravo
417,Graham Hancock
416,Ana Kasparian
415,Justin Foster
414,Chris Hadfield
413,Dan Carlin
413,Daniele Bolelli
412,Maynard James Keenan
411,Dave Asprey
410,Sam Harris
409,Patrick Magee
408,Todd Glass
407,Eddie Bravo
406,Tom Segura
406,Christina Pazsitzky
405,Steven Pressfield
405,Aubrey Marcus
404,Greg Proops
403,Justin Collett
402,Bryan Callen
401,Doug Benson
400,Joey Diaz
400,Duncan Trussell
399,Buck Angel
398,Sam Tripoli
397,Josh Barnett
396,Stefan Molyneux
395,Kathleen Madigan
394,Matt Fulchiron
393,Tom Segura
392,David Choe
391,Duncan Trussell
390,Mac Lethal
388,Mick West
388,Bryan Callen
387,Everlast
386,Joey Diaz
385,Duane Ludwig
385,TJ Dillashaw
384,Ian McCall
383,Jim Norton
382,Greg Fitzsimmons
381,Abby Martin
380,Tony Hinchcliffe
379,Matt Farah
379,Tod Mesirow
378,Dan Carlin
377,Duncan Trussell
376,Bryan Callen
375,Shane Smith
374,Marc Maron
373,Joey Diaz
372,Mariana van Zeller
371,Rick Doblin
370,Ari Shaffir
369,Jason Silva
369,Duncan Trussell
369,Ari Shaffir
368,David Seaman
367,Aubrey Marcus
366,Bobcat Goldthwait
365,Kelly Starrett
365,Glen Cordoza
364,Tom Rhodes
363,Everlast
362,Eddie Ifft
361,Dave Asprey
361,Tait Fletcher
360,Graham Hancock
359,Alex Grey
358,Bert Kreischer
357,Daniele Bolelli
356,Dan Hardy
355,Dom Irrera
354,Ari Shaffir
354,Amy Schumer
352,Tom Segura
351,Georges St. Pierre
350,Tony Hinchcliffe
349,Greg Fitzsimmons
348,Steven Rinella
348,Bryan Callen
348,Cam Edwards
347,Joey Diaz
346,Douglas Rushkoff
345,Bryan Callen
344,Stanley Krippner
344,Christopher Ryan
343,Bill Burr
342,Christopher Ryan
341,Ben Hoffman
340,JD Kelley
339,Jacob Ward
338,Shane Smith
337,Justin Wren
336,Scott Sigler
335,Bas Rutten
334,Dr. Amit Goswami
333,David Lee Roth
332,Tom Segura
331,Dr. Steven Greer
330,Eddie Huang
329,Duncan Trussell
328,Dan Carlin
327,Dana White
326,Bryan Callen
325,James Thompson
324,Sam Sheridan
323,Rick Ross
322,Ari Shaffir
321,Melissa Etheridge
320,Tim Ferriss
319,Alex Honnold
318,Aubrey Marcus
318,Eddie Brill
317,David Choe
317,Yoshi Obayashi
316,Enson Inoue
316,Chuck Lidell
315,Jimmy Smith
314,Ian Edwards
313,Gregg Hughes
312,Steven Rinella
312,Bryan Callen
311,Ari Shaffir
310,Neil deGrasse Tyson
309,Adam Hunter
308,Steve Volk
307,Bryan Callen
306,Christopher Ryan
305,Bert Kreischer
304,Andrew Dice Clay
303,Matt Vengrin
302,Josh Barnett
301,Doug Stanhope
300,Joey Diaz
299,Honey Honey
298,Dennis McKenna
297,Dom Irrera
296,Mix Master Mike
296,Russell Peters
296,Mark Rasta
295,Tom Segura
295,Christina Pazsitzky
294,Ari Shaffir
293,Cara Santa Maria
292,Eddie Bravo
291,Duncan Trussell
290,John Mcafee
289,Shane Smith
288,Greg Proops
287,Les Stroud
286,Daniele Bolelli
285,Tim Ferriss
284,Daniel H. Wilson
283,Dave Attell
282,Peter Duesberg
282,Bryan Callen
281,Bryan Callen
280,Philip Coppens
279,Duncan Trussell
278,Ari Shaffir
277,Victor Conte
276,David Seaman
276,Abby Martin
276,Dell Cameron
275,Dave Asprey
274,Alex Grey
273,Amber Lyon
272,Duncan Trussell
272,Joey Diaz
272,Ian Edwards
271,London Real
270,Kevin Pereira
269,Tait Fletcher
268,Joey Diaz
267,Mac Danzig
266,Rich Roll
265,Sam Tripoli
265,Shane Smith
264,Tom Segura
263,Kat Von D
263,Eddie Bravo
262,Rick Ross
261,Ari Shaffir
260,Greg Fitzsimmons
259,Mike Birbiglia
258,Bryan Callen
257,Immortal Technique
257,Swavey Krokett
257,DJ GIJOE
256,David Seaman
254,Everlast
255,Duncan Trussell
253,Andrew Dice Clay
253,Max Silverstein
253,Eleanor Kerrigan
252,Jamie Kilstein
251,Bryan Callen
250,Joey Diaz
249,Bert Kreischer
248,Tom Rhodes
247,Tito Ortiz
246,Maynard James Keenan
245,Robb Wolf
244,Immortal Technique
243,Honey Honey
242,Justin Halpern
241,James Bobo Fay
240,Aubrey Marcus
239,Adam Kokesh
238,Kevin Pereira
237,Tommy Chong
236,Eddie Bravo
235,Josh Barnett
234,Adam Scorgie
233,Jim Norton
232,Giorgio Tsoukalos
231,Dom Irrera
230,Sam Sheridan
229,Ari Shaffir
228,Bill Burr
227,Ari Shaffir
226,John Anthony West
225,Urijah Faber
223,Bobcat Goldthwait
222,Mike Dolce
222,Joey Diaz
221,Shane Smith
220,Bert Kreischer
219,Joey Diaz
218,Dom Irrera
217,Michael Ruppert
216,Chael Sonnen
215,Andrew Dice Clay
215,Max Silverstein
214,Duncan Trussell
213,Eddie Bravo
212,Bryan Callen
211,Ari Shaffir
210,Joey Diaz
209,Eddie Ifft
208,Rick Ross
207,Tom Segura
207,Christina Pazsitzky
206,Eddie Bravo
205,Neal Brennan
204,Amy Schumer
203,Jim Jefferies
202,Dom Irrera
201,Everlast
200,Duncan Trussell
199,Joey Diaz
198,Brody Stevens
197,Ari Shaffir
196,Matt Paxton
195,Aubrey Marcus
194,Jason Silva
193,Jim Gaffigan
192,Sam Harris
191,Honey Honey
190,Greg Fitzsimmons
189,B-Real
188,Amy Schumer
187,Daniele Bolelli
186,Ari Shaffir
185,Tom Segura
184,DEADMAU5
184,Russell Peters
184,Eddie Bravo
183,Jason Silva
182,Bryan Callen
182,Jimmy Burke
181,Iliza Shlesinger
180,Joey Diaz
180,Eddie Bravo
180,Denny Prokopos
179,Duncan Trussell
178,Joey Diaz
177,Hamilton Morris
176,Steven Rinella
175,Ari Shaffir
174,Eddie Bravo
174,Dr. Steve Graham
173,Peter Joseph
172,Bryan Callen
171,Everlast
170,Michael Ruppert
169,Doug Benson
169,Bert Kreischer
169,Ari Shaffir
169,Jason Gillearn
168,Ronda Rousey
168,Eddie Bravo
167,Aubrey Marcus
166,Duncan Trussell
165,Bruce Lipton
164,Shane Smith
163,Doug Stanhope
163,Joey Diaz
162,Daniele Bolelli
161,Bert Kreischer
160,Eddie Bravo
159,Nick Thune
158,Doug Benson
157,Tom Segura
157,Christina Pazsitzky
156,Duncan Trussell
155,Dave Attell
154,Sam Tripoli
153,Joey Diaz
151,Josh McDermitt
150,Bryan Callen
149,Little Esther
149,Al Madrigal
149,Josh McDermitt
149,Brendon Walsh
149,Felicia Michaels
148,Kevin Pereira
147,Duncan Trussell
146,Ari Shaffir
145,Bert Kreischer
144,Eddie Bravo
143,Mayhem Miller
143,Ryan Parsons
142,Graham Hancock
142,Duncan Trussell
141,Duncan Trussell
140,Brendon Walsh
139,Duncan Trussell
138,Anthony Bourdain
137,Tim Ferriss
136,Daniel Pinchbeck
135,John Heffron
135,Joey Diaz
134,Kevin Smith
133,Charlie Murphy
133,Freeze Love
132,Bert Kreischer
131,Neal Brennan
130,Duncan Trussell
129,Ari Shaffir
128,Joey Diaz
127,Aubrey Marcus
126,Freddy Lockhart
125,Giorgio Tsoukalos
125,Eddie Bravo
124,Michael Schiavello
123,Tom Segura
122,Jamie Kilstein
121,Bryan Callen
120,Duncan Trussell
119,Jan Irvin
118,Ari Shaffir
117,Eddie Bravo
116,Russell Peters
116,Junior Simpson
115,Maz Jobrani
114,Neal Brennan
113,Brian Posehn
112,Cliffy B
112,Johnny Cristo
111,Al Madrigal
110,Duncan Trussell
109,Ari Shaffir
108,Joey Diaz
107,Doug Benson
106,Steve Rannazzisi
105,Bryan Callen
104,Sam Tripoli
103,Duncan Trussell
102,John Heffron
101,Adam Carolla
99,Tom Segura
98,Daryl Wright
98,Brian Whitaker
97,Freddy Lockhart
96,Kevin Pereira
95,Bert Kreischer
94,Joey Diaz
93,Eddie Bravo
91,Bill Burr
92,Jim Norton
90,Joey Diaz
89,Bryan Callen
88,Andy Dick
87,Dana Dearmond
86,Tom Segura
85,Ari Shaffir
84,Duncan Trussell
83,Bas Rutten
82,Dave Foley
81,Pete Johansson
80,Joey Diaz
80,Ari Shaffir
79,Jon Lajoie
78,Chris Aubrey Marcus
77,Eddie Ifft
76,Bobby Lee
75,Sam Tripoli
74,Allison Sciulla
73,Bert Kreischer
72,Ari Shaffir
71,Al Madrigal
70,Brendon Walsh
69,Bryan Callen
68,Iliza Shlesinger
67,Hal Sparks
66,Nick Swardson
64,John Heffron
65,Joey Diaz
63,Russell Peters
62,Duncan Trussell
61,Cliffy B
60,Joey Diaz
60,Ari Shaffir
59,Ralphie May
58,Mayhem Miller
57,Jayson Thibault
56,Johnny Pemberton
55,Duncan Trussell
54,Eddie Bravo
53,Freddy Lockhart
52,Steve Rannazzisi
51,Joey Diaz
50,Little Esther
49,Duncan Trussell
47,Michael Schiavello
46,Chris Marcus
45,Tom Green
44,Todd McCormick
43,Doug Stanhope
42,Duncan Trussell
41,Ari Shaffir
40,Tyler Knight
39,Joey Diaz
38,Bryan Callen
37,Ricky Schroder
36,Eddie Bravo
35,Joey Diaz
35,Eddie Bravo
34,Doug Benson
33,Dane Cook
32,Bryan Callen
31,Mayhem Miller
30,Eddie Bravo
28,Joey Diaz
27,Sam Tripoli
26,Bill Burr
25,Joey Diaz
24,Eddie Bravo
22,John Heffron
20,Tom Segura
17,Ari Shaffir
17,Eddie Bravo
13,Eddie Bravo
8,Tom Segura
5,Ari Shaffir
5,John Heffron
3,Ari Shaffir
